task_id,label,confidence,notes
P0001,cannot_tell,medium,
P0002,same_object,high,разные ракурсы
P0003,same_object,high,
P0004,different_objects,high,
P0005,different_objects,high,
P0006,different_objects,high,
P0007,same_object,high,
P0008,same_object,high,
P0009,cannot_tell,high,признак отмечен на подвижном роботе
P0010,different_objects,high,
P0011,same_object,high,
P0012,different_objects,high,две похожие близко стоящие коробки
P0013,same_object,high,
P0014,same_object,medium,
P0015,same_object,medium,
P0016,different_objects,high,
P0017,different_objects,high,
P0018,same_object,high,
P0019,different_objects,high,
P0020,different_objects,high,
P0021,different_objects,high,
P0022,different_objects,high,
P0023,same_object,high,
P0024,cannot_tell,medium,признаки на подвижном роботе
P0025,cannot_tell,medium,
P0026,part_whole_or_ambiguous,high,
P0027,same_object,high,
P0028,cannot_tell,high,признаки на потенциально подвижном роботе
P0029,same_object,high,
P0030,same_object,high,
P0031,same_object,high,
P0032,different_objects,high,
P0033,cannot_tell,high,
P0034,different_objects,high,
P0035,part_whole_or_ambiguous,high,
P0036,different_objects,high,
P0037,different_objects,high,
P0038,different_objects,high,
P0039,part_whole_or_ambiguous,low,
P0040,part_whole_or_ambiguous,high,
P0041,different_objects,low,
P0042,same_object,low,
P0043,different_objects,medium,
P0044,same_object,high,
P0045,different_objects,high,
P0046,part_whole_or_ambiguous,low,
P0047,different_objects,high,
P0048,different_objects,high,
P0049,cannot_tell,high,признаки на потенциально подвижном роботе
P0050,part_whole_or_ambiguous,low,
P0051,part_whole_or_ambiguous,low,
P0052,different_objects,high,
P0053,part_whole_or_ambiguous,medium,
P0054,part_whole_or_ambiguous,high,
P0055,different_objects,high,
P0056,same_object,high,
P0057,part_whole_or_ambiguous,low,
P0058,part_whole_or_ambiguous,low,
P0059,part_whole_or_ambiguous,high,
P0060,same_object,high,
P0061,different_objects,medium,
P0062,different_objects,high,
P0063,part_whole_or_ambiguous,high,
P0064,cannot_tell,high,признаки на потенциально подвижном роботе
P0065,part_whole_or_ambiguous,high,
P0066,different_objects,high,
P0067,same_object,high,
P0068,different_objects,high,
P0069,same_object,high,
P0070,different_objects,high,
P0071,same_object,medium,
P0072,cannot_tell,high,признаки на потенциально подвижном роботе
P0073,different_objects,high,
P0074,same_object,high,
P0075,same_object,medium,
P0076,different_objects,medium,
P0077,part_whole_or_ambiguous,low,
P0078,different_objects,medium,
P0079,same_object,medium,
P0080,same_object,low,
P0081,different_objects,high,
P0082,same_object,high,
P0083,same_object,medium,
P0084,different_objects,medium,
P0085,part_whole_or_ambiguous,high,
P0086,same_object,medium,
P0087,same_object,high,
P0088,part_whole_or_ambiguous,low,
P0089,different_objects,high,
P0090,same_object,high,
P0091,different_objects,high,
P0092,different_objects,high,
P0093,different_objects,medium,
P0094,cannot_tell,high,признаки на потенциально подвижном роботе
P0095,part_whole_or_ambiguous,medium,
P0096,same_object,low,
P0097,different_objects,high,
P0098,different_objects,medium,
P0099,different_objects,medium,
P0100,different_objects,high,
P0101,different_objects,high,
P0102,different_objects,high,
P0103,cannot_tell,high,признаки на потенциально подвижном роботе
P0104,different_objects,medium,
P0105,different_objects,high,
P0106,same_object,high,
P0107,same_object,high,
P0108,cannot_tell,high,признаки на потенциально подвижном роботе
P0109,different_objects,high,
P0110,cannot_tell,high,признаки на потенциально подвижном роботе
P0111,different_objects,high,
P0112,different_objects,high,
P0113,part_whole_or_ambiguous,high,
P0114,part_whole_or_ambiguous,medium,
P0115,part_whole_or_ambiguous,high,
P0116,different_objects,high,
P0117,different_objects,high,
P0118,cannot_tell,high,признаки на потенциально подвижном роботе
P0119,same_object,high,
P0120,same_object,low,
P0121,cannot_tell,high,признаки на потенциально подвижном роботе
P0122,different_objects,medium,
P0123,same_object,low,
P0124,same_object,medium,
P0125,part_whole_or_ambiguous,medium,
P0126,different_objects,high,
P0127,same_object,low,
P0128,part_whole_or_ambiguous,low,
P0129,different_objects,medium,
P0130,same_object,high,
P0131,different_objects,high,
P0132,same_object,medium,
P0133,different_objects,high,
P0134,same_object,high,
P0135,part_whole_or_ambiguous,low,
P0136,different_objects,high,
P0137,different_objects,high,
P0138,same_object,high,
P0139,same_object,high,
P0140,same_object,high,
P0141,same_object,high,
P0142,cannot_tell,high,признаки на потенциально подвижном роботе
P0143,different_objects,high,
P0144,same_object,high,
P0145,same_object,high,
P0146,part_whole_or_ambiguous,low,
P0147,cannot_tell,high,
P0148,part_whole_or_ambiguous,high,
P0149,cannot_tell,medium,
P0150,different_objects,medium,
P0151,part_whole_or_ambiguous,high,
P0152,part_whole_or_ambiguous,high,
P0153,part_whole_or_ambiguous,high,
P0154,different_objects,high,
P0155,different_objects,high,
P0156,different_objects,high,
P0157,different_objects,high,
P0158,part_whole_or_ambiguous,high,
P0159,same_object,medium,
P0160,different_objects,low,
P0161,different_objects,high,
P0162,different_objects,high,
P0163,different_objects,high,
P0164,same_object,low,
P0165,different_objects,high,
P0166,same_object,low,
P0167,cannot_tell,high,
P0168,cannot_tell,high,
P0169,part_whole_or_ambiguous,low,
P0170,different_objects,high,
P0171,different_objects,high,
P0172,different_objects,high,
P0173,different_objects,medium,
P0174,different_objects,high,
P0175,same_object,high,
P0176,cannot_tell,high,относится к роботу
P0177,part_whole_or_ambiguous,high,
P0178,different_objects,high,
P0179,cannot_tell,low,
P0180,same_object,high,
P0181,different_objects,high,
P0182,different_objects,medium,
P0183,different_objects,medium,
P0184,different_objects,high,
P0185,part_whole_or_ambiguous,medium,
P0186,different_objects,high,
P0187,same_object,high,
P0188,same_object,high,
P0189,same_object,high,
P0190,different_objects,low,
P0191,part_whole_or_ambiguous,high,
P0192,part_whole_or_ambiguous,low,
P0193,different_objects,high,
P0194,part_whole_or_ambiguous,high,
P0195,part_whole_or_ambiguous,high,
P0196,part_whole_or_ambiguous,high,
P0197,same_object,high,
P0198,part_whole_or_ambiguous,high,
P0199,cannot_tell,low,
P0200,part_whole_or_ambiguous,high,
P0201,same_object,low,
P0202,different_objects,high,
P0203,different_objects,high,
P0204,same_object,high,
P0205,same_object,low,
P0206,cannot_tell,low,
P0207,cannot_tell,high,
P0208,same_object,high,
P0209,cannot_tell,high,
P0210,same_object,high,
P0211,same_object,high,
P0212,part_whole_or_ambiguous,medium,
P0213,same_object,high,
P0214,part_whole_or_ambiguous,high,
P0215,same_object,medium,
P0216,part_whole_or_ambiguous,medium,
P0217,different_objects,high,
P0218,same_object,high,
P0219,part_whole_or_ambiguous,high,
P0220,different_objects,high,
P0221,different_objects,high,
P0222,same_object,high,
P0223,part_whole_or_ambiguous,high,
P0224,same_object,high,
P0225,same_object,low,
P0226,cannot_tell,high,роботы
P0227,same_object,high,
P0228,same_object,medium,
P0229,different_objects,high,
P0230,cannot_tell,high,роботы
P0231,different_objects,high,
P0232,same_object,high,
P0233,different_objects,high,
P0234,same_object,high,
P0235,same_object,high,
P0236,cannot_tell,low,
P0237,same_object,low,
P0238,different_objects,low,
P0239,different_objects,high,
P0240,different_objects,high,
P0241,same_object,high,
P0242,part_whole_or_ambiguous,high,
P0243,cannot_tell,low,
P0244,same_object,high,
P0245,same_object,high,
P0246,same_object,high,
P0247,same_object,medium,
P0248,same_object,low,
P0249,different_objects,high,
P0250,same_object,low,
P0251,same_object,high,
P0252,same_object,high,
P0253,same_object,high,
P0254,different_objects,high,
P0255,cannot_tell,low,
P0256,same_object,low,
P0257,same_object,low,
P0258,same_object,low,
P0259,same_object,high,
P0260,same_object,high,
P0261,same_object,low,
P0262,same_object,high,
P0263,cannot_tell,high,роботы
P0264,same_object,medium,
P0265,same_object,high,
P0266,cannot_tell,high,роботы
P0267,same_object,high,
P0268,different_objects,high,
P0269,same_object,high,
P0270,same_object,high,
P0271,cannot_tell,low,
P0272,same_object,high,
P0273,same_object,low,
P0274,cannot_tell,low,
P0275,same_object,low,
P0276,different_objects,high,
P0277,same_object,medium,
P0278,same_object,high,
P0279,different_objects,high,
P0280,same_object,high,
P0281,same_object,low,
P0282,same_object,low,
P0283,same_object,high,
P0284,different_objects,high,
P0285,same_object,high,
P0286,same_object,high,
P0287,same_object,low,
P0288,cannot_tell,high,роботы
P0289,same_object,high,
P0290,same_object,medium,
P0291,same_object,high,
P0292,same_object,high,
P0293,same_object,high,
P0294,same_object,low,
P0295,same_object,low,
P0296,same_object,medium,
P0297,part_whole_or_ambiguous,high,
P0298,same_object,medium,
P0299,same_object,medium,
P0300,different_objects,high,
P0301,different_objects,high,
P0302,same_object,high,
P0303,same_object,high,
P0304,same_object,high,
P0305,same_object,high,
P0306,same_object,high,
P0307,same_object,low,
P0308,same_object,medium,
P0309,different_objects,high,
P0310,different_objects,high,
P0311,cannot_tell,high,роботы
P0312,different_objects,high,
P0313,same_object,high,
P0314,different_objects,high,
P0315,same_object,high,
P0316,cannot_tell,high,роботы
P0317,cannot_tell,high,роботы
P0318,cannot_tell,high,роботы
P0319,same_object,low,
P0320,same_object,high,
P0321,same_object,high,
P0322,same_object,high,
P0323,different_objects,high,
P0324,same_object,low,
P0325,same_object,high,
P0326,same_object,medium,
P0327,same_object,low,
P0328,same_object,medium,
P0329,different_objects,high,
P0330,cannot_tell,high,роботы
P0331,part_whole_or_ambiguous,high,
P0332,same_object,high,
P0333,different_objects,high,
P0334,different_objects,high,
P0335,same_object,high,
P0336,same_object,medium,
P0337,part_whole_or_ambiguous,high,
P0338,same_object,high,
P0339,same_object,high,
P0340,same_object,high,
P0341,same_object,medium,
P0342,same_object,medium,
P0343,different_objects,high,
P0344,same_object,high,
P0345,same_object,high,
P0346,same_object,high,
P0347,same_object,high,
P0348,same_object,high,
P0349,same_object,high,
P0350,different_objects,high,
P0351,different_objects,high,
P0352,same_object,high,
P0353,same_object,high,
P0354,same_object,high,
P0355,same_object,high,
P0356,same_object,high,
P0357,cannot_tell,high,роботы
P0358,different_objects,high,
P0359,different_objects,high,
P0360,same_object,low,
P0361,same_object,high,
P0362,different_objects,high,
P0363,part_whole_or_ambiguous,high,
P0364,different_objects,high,
P0365,same_object,high,
P0366,same_object,high,
P0367,different_objects,high,
P0368,same_object,low,
P0369,same_object,high,
P0370,cannot_tell,high,роботы
P0371,different_objects,high,
P0372,part_whole_or_ambiguous,high,
P0373,same_object,high,
P0374,different_objects,high,
P0375,part_whole_or_ambiguous,high,
P0376,same_object,high,
P0377,same_object,high,
P0378,same_object,high,
P0379,different_objects,high,
P0380,same_object,high,
P0381,same_object,high,
P0382,different_objects,high,
P0383,same_object,high,
P0384,different_objects,high,
P0385,same_object,high,
P0386,different_objects,high,
P0387,different_objects,high,
P0388,same_object,high,
P0389,different_objects,high,
P0390,same_object,high,
P0391,same_object,medium,
P0392,different_objects,medium,
P0393,same_object,low,
P0394,same_object,high,
P0395,different_objects,high,
P0396,different_objects,high,
P0397,same_object,high,
P0398,different_objects,high,
P0399,same_object,high,
P0400,cannot_tell,high,роботы
P0401,different_objects,high,
P0402,same_object,high,
P0403,different_objects,high,
P0404,same_object,high,
P0405,different_objects,high,
P0406,different_objects,high,
P0407,same_object,low,
P0408,cannot_tell,high,роботы
P0409,cannot_tell,low,
P0410,same_object,low,
P0411,different_objects,medium,
P0412,different_objects,high,
P0413,cannot_tell,high,роботы
P0414,same_object,high,
P0415,different_objects,low,
P0416,same_object,low,
P0417,same_object,low,
P0418,different_objects,high,
P0419,cannot_tell,high,роботы
P0420,different_objects,high,
P0421,different_objects,high,
P0422,same_object,medium,
P0423,different_objects,high,
P0424,same_object,medium,
P0425,different_objects,high,
P0426,different_objects,high,
P0427,different_objects,high,
P0428,same_object,high,
P0429,different_objects,high,
P0430,same_object,medium,
P0431,same_object,high,
P0432,different_objects,medium,
P0433,different_objects,high,
P0434,same_object,medium,
P0435,cannot_tell,medium,
P0436,different_objects,high,
P0437,different_objects,high,
P0438,different_objects,high,
P0439,cannot_tell,high,роботы
P0440,same_object,high,
P0441,same_object,high,
P0442,same_object,high,
P0443,different_objects,medium,
P0444,same_object,high,
P0445,same_object,high,
P0446,different_objects,high,
P0447,different_objects,high,
P0448,different_objects,high,
P0449,different_objects,high,
P0450,different_objects,high,
P0451,different_objects,high,
P0452,different_objects,high,
P0453,different_objects,high,
P0454,same_object,high,
P0455,same_object,high,
P0456,same_object,high,
P0457,cannot_tell,low,
P0458,same_object,medium,
P0459,same_object,medium,
P0460,same_object,low,
P0461,different_objects,high,
P0462,different_objects,high,
P0463,different_objects,high,
P0464,different_objects,high,
P0465,different_objects,low,
P0466,different_objects,high,
P0467,different_objects,low,
P0468,different_objects,high,
P0469,different_objects,high,
P0470,same_object,high,
P0471,same_object,high,
P0472,same_object,high,
P0473,same_object,low,
P0474,different_objects,high,
P0475,same_object,high,
P0476,same_object,high,
P0477,same_object,high,
P0478,same_object,high,
P0479,same_object,medium,
P0480,same_object,medium,
P0481,different_objects,high,
P0482,same_object,medium,
P0483,cannot_tell,high,роботы
P0484,different_objects,medium,
P0485,different_objects,high,
P0486,same_object,medium,
P0487,cannot_tell,high,роботы
P0488,different_objects,high,
P0489,different_objects,high,
P0490,same_object,high,
P0491,different_objects,medium,
P0492,same_object,high,
P0493,same_object,medium,
P0494,different_objects,low,
P0495,same_object,low,
P0496,different_objects,high,
P0497,same_object,high,
P0498,same_object,high,
P0499,same_object,high,
P0500,different_objects,medium,
P0501,different_objects,high,
P0502,different_objects,high,
P0503,cannot_tell,high,роботы
P0504,different_objects,high,
P0505,different_objects,high,
P0506,different_objects,high,
P0507,cannot_tell,high,роботы
P0508,different_objects,high,
P0509,different_objects,high,
P0510,different_objects,high,
P0511,same_object,low,
P0512,different_objects,medium,
P0513,part_whole_or_ambiguous,high,
P0514,different_objects,medium,
P0515,same_object,medium,
P0516,same_object,high,
P0517,different_objects,high,
P0518,same_object,high,
P0519,different_objects,high,
P0520,different_objects,low,
P0521,same_object,high,
P0522,same_object,high,
P0523,same_object,high,
P0524,different_objects,high,
P0525,same_object,high,
P0526,different_objects,high,
P0527,different_objects,high,
P0528,different_objects,high,
P0529,same_object,high,
P0530,cannot_tell,high,роботы
P0531,different_objects,high,
P0532,different_objects,high,
P0533,same_object,high,
P0534,different_objects,high,
P0535,different_objects,high,
P0536,different_objects,high,
P0537,different_objects,high,
P0538,different_objects,high,
P0539,different_objects,high,
P0540,different_objects,high,
P0541,different_objects,high,
P0542,part_whole_or_ambiguous,high,
P0543,different_objects,high,
P0544,different_objects,high,
P0545,same_object,high,
P0546,different_objects,high,
P0547,same_object,high,
P0548,different_objects,high,
P0549,different_objects,high,
P0550,same_object,high,
P0551,different_objects,high,
P0552,different_objects,high,
P0553,different_objects,high,
P0554,different_objects,high,
P0555,different_objects,high,
P0556,same_object,high,
P0557,different_objects,high,
P0558,different_objects,high,
P0559,different_objects,high,
P0560,different_objects,high,
P0561,different_objects,high,
P0562,same_object,high,
P0563,different_objects,high,
P0564,same_object,medium,
P0565,cannot_tell,high,роботы
P0566,different_objects,high,
P0567,cannot_tell,high,роботы
P0568,same_object,high,
P0569,same_object,high,
P0570,different_objects,medium,
P0571,different_objects,high,
P0572,same_object,high,
P0573,different_objects,high,
P0574,cannot_tell,high,роботы
P0575,cannot_tell,high,роботы
P0576,different_objects,high,
P0577,different_objects,high,
P0578,different_objects,high,
P0579,different_objects,high,
P0580,different_objects,high,
P0581,different_objects,high,
P0582,different_objects,high,
P0583,different_objects,high,
P0584,different_objects,high,
P0585,different_objects,high,
P0586,part_whole_or_ambiguous,high,
P0587,different_objects,high,
P0588,same_object,high,
P0589,different_objects,high,
P0590,same_object,high,
P0591,same_object,high,
P0592,part_whole_or_ambiguous,high,
P0593,different_objects,high,
P0594,different_objects,high,
P0595,different_objects,high,
P0596,different_objects,high,
P0597,same_object,high,
P0598,different_objects,high,
P0599,different_objects,high,
P0600,different_objects,medium,
P0601,different_objects,high,
P0602,cannot_tell,high,роботы
P0603,same_object,high,
P0604,same_object,high,
P0605,different_objects,high,
P0606,different_objects,high,
P0607,different_objects,high,
P0608,same_object,high,
P0609,different_objects,high,
P0610,different_objects,high,
P0611,different_objects,high,
P0612,different_objects,high,
P0613,same_object,low,
P0614,different_objects,medium,
P0615,part_whole_or_ambiguous,high,
P0616,part_whole_or_ambiguous,high,
P0617,cannot_tell,high,роботы
P0618,different_objects,high,
P0619,different_objects,high,
P0620,different_objects,high,
P0621,different_objects,high,
P0622,different_objects,high,
P0623,same_object,high,
P0624,same_object,medium,
P0625,same_object,medium,
P0626,same_object,medium,
P0627,different_objects,high,
P0628,cannot_tell,high,роботы
P0629,same_object,high,
P0630,different_objects,high,
P0631,same_object,high,
P0632,same_object,high,
P0633,same_object,high,
P0634,different_objects,high,
P0635,different_objects,high,
P0636,different_objects,high,
P0637,different_objects,high,
P0638,different_objects,high,
P0639,different_objects,high,
P0640,different_objects,high,
P0641,same_object,high,
P0642,different_objects,high,
P0643,different_objects,medium,
P0644,different_objects,medium,
P0645,different_objects,low,
P0646,cannot_tell,high,роботы
P0647,same_object,high,
P0648,different_objects,high,
P0649,different_objects,high,
P0650,same_object,high,
P0651,part_whole_or_ambiguous,high,
P0652,cannot_tell,high,роботы
P0653,cannot_tell,high,роботы
P0654,different_objects,high,
P0655,different_objects,high,
P0656,different_objects,high,
P0657,different_objects,high,
P0658,different_objects,high,
P0659,same_object,high,
P0660,cannot_tell,high,роботы
P0661,different_objects,medium,
P0662,different_objects,high,
P0663,cannot_tell,high,роботы
P0664,same_object,high,
P0665,same_object,high,
P0666,cannot_tell,high,роботы
P0667,different_objects,high,
P0668,same_object,high,
P0669,same_object,high,
P0670,same_object,medium,
P0671,part_whole_or_ambiguous,high,
P0672,different_objects,medium,
P0673,different_objects,medium,
P0674,different_objects,high,
P0675,different_objects,medium,
P0676,different_objects,medium,
P0677,different_objects,medium,
P0678,different_objects,high,
P0679,same_object,high,
P0680,same_object,high,
P0681,different_objects,high,признак взят на человеке
P0682,part_whole_or_ambiguous,high,
P0683,same_object,low,
P0684,different_objects,high,
P0685,same_object,low,
P0686,same_object,high,
P0687,same_object,high,
P0688,different_objects,high,
P0689,same_object,high,
P0690,same_object,high,
P0691,different_objects,high,
P0692,same_object,medium,
P0693,different_objects,high,
P0694,same_object,high,
P0695,cannot_tell,high,роботы
P0696,different_objects,high,
P0697,same_object,high,
P0698,same_object,medium,
P0699,different_objects,high,
P0700,different_objects,low,
P0701,cannot_tell,high,
P0702,same_object,high,
P0703,different_objects,high,
P0704,same_object,high,
P0705,same_object,high,
P0706,same_object,low,
P0707,different_objects,high,
P0708,different_objects,high,
P0709,different_objects,low,
P0710,same_object,high,
P0711,same_object,low,
P0712,cannot_tell,high,роботы
P0713,same_object,high,
P0714,same_object,high,
P0715,different_objects,medium,
P0716,same_object,high,
P0717,same_object,high,
P0718,different_objects,high,
P0719,different_objects,high,
P0720,different_objects,high,
P0721,different_objects,high,
P0722,cannot_tell,high,роботы
P0723,different_objects,high,
P0724,same_object,high,
P0725,same_object,high,
P0726,different_objects,high,
P0727,same_object,high,
P0728,different_objects,high,
P0729,same_object,high,
P0730,same_object,high,
P0731,different_objects,high,
P0732,part_whole_or_ambiguous,high,
P0733,part_whole_or_ambiguous,high,
P0734,different_objects,high,
P0735,different_objects,high,
P0736,same_object,medium,
P0737,part_whole_or_ambiguous,high,
P0738,different_objects,medium,
P0739,same_object,medium,
P0740,cannot_tell,high,
P0741,different_objects,high,
P0742,different_objects,high,
P0743,different_objects,high,
P0744,same_object,high,
P0745,different_objects,high,
P0746,different_objects,high,
P0747,different_objects,high,
P0748,same_object,medium,
P0749,same_object,high,
P0750,different_objects,high,
P0751,same_object,high,
P0752,different_objects,high,
P0753,different_objects,high,
P0754,different_objects,high,
P0755,cannot_tell,high,роботы
P0756,same_object,high,
P0757,different_objects,high,
P0758,same_object,high,
P0759,different_objects,high,
P0760,cannot_tell,high,роботы
P0761,different_objects,high,
P0762,same_object,high,
P0763,different_objects,high,признак взят на человеке
P0764,part_whole_or_ambiguous,high,
P0765,same_object,high,
P0766,same_object,high,
P0767,same_object,high,
P0768,same_object,high,
P0769,part_whole_or_ambiguous,high,
P0770,different_objects,high,
P0771,same_object,medium,
P0772,different_objects,high,
P0773,same_object,high,
P0774,same_object,high,
P0775,different_objects,medium,
P0776,different_objects,high,
P0777,different_objects,high,
P0778,different_objects,medium,
P0779,different_objects,high,
P0780,same_object,high,
P0781,different_objects,high,
P0782,different_objects,low,
P0783,different_objects,high,
P0784,different_objects,high,
P0785,same_object,high,
P0786,same_object,high,
P0787,different_objects,high,
P0788,same_object,high,
P0789,part_whole_or_ambiguous,high,
P0790,same_object,high,
P0791,different_objects,medium,
P0792,different_objects,high,
P0793,different_objects,high,
P0794,different_objects,high,
P0795,different_objects,high,
P0796,same_object,high,
P0797,same_object,high,
P0798,same_object,high,
