experiment_id,inputs,configuration,evaluation_scope,metric_and_definition,value,source_file,reproduce_command
baseline-release-tau9,one author four-robot record; saved detections and Kimera/mocap; external for rerun,configs/release.yaml; configs/tcaff_baseline_protocol.json,"337 updates x 12 directed pairs, one recording","mean-of-pair-means translation (SE2 inv(GT) @ EST, metres)",0.43790368425430765,results/baseline/audit.json; results/baseline/error_traces.json.gz,python3 scripts/inspect_saved.py
baseline-release-tau9,one author four-robot record; saved detections and Kimera/mocap; external for rerun,configs/release.yaml; configs/tcaff_baseline_protocol.json,"337 updates x 12 directed pairs, one recording",mean-of-pair-means absolute wrapped yaw (degrees),2.4461272323504706,results/baseline/audit.json; results/baseline/error_traces.json.gz,python3 scripts/inspect_saved.py
baseline-release-tau9,one author four-robot record; saved detections and Kimera/mocap; external for rerun,configs/release.yaml; configs/tcaff_baseline_protocol.json,"337 updates x 12 directed pairs, one recording",accepted / all pair-updates,3598/4044 = 88.97131552917903%,results/baseline/audit.json; results/baseline/error_traces.json.gz,python3 scripts/inspect_saved.py
baseline-replay,one author four-robot record; saved detections and Kimera/mocap; external for rerun; frozen proposals,release tau9 original manager,"4044 stored updates, filter-only replay",mismatches and maximum coordinate deviation,"{""pair_updates"": 4044, ""mismatches"": 0, ""max_coordinate_error"": 8.881784197001252e-16}",results/baseline/audit.json,external workspace: .venv/bin/python scripts/tcaff_baseline_audit.py --input data/tcaff_baseline_release --output results/new_audit (historically checked; not rerun during packaging)
baseline-independent-GT,one author four-robot record; saved detections and Kimera/mocap; external for rerun,Ai @ inv(Bi) @ Bj @ inv(Aj),all captured GT-valid frames,max component difference from author composition,5.329070518200751e-15,results/baseline/audit.json,external workspace: .venv/bin/python scripts/tcaff_baseline_audit.py --input data/tcaff_baseline_release --output results/new_audit (historical)
baseline-tau8-control,same stored proposals as tau9,main_tree_obj_req=8; other settings release,"filter-only, 4044 updates; no mapping/MNO rerun",translation / yaw / availability,0.43790368425430765 m / 2.4461272323504706 deg / 3598 of 4044,results/baseline/audit.json; results/baseline/error_traces.json.gz,python3 scripts/inspect_saved.py
manual-size-gate,798 original user answers and selected task metadata,configs/size_gate_study.json; B0 ratio1.35 difference0.1m,"24 selected anchors; recorded labels, correlated identities",same_object excluded / all recorded same labels,260/314,annotations/originals/labels-final-canonical.json; annotations/task_metadata.json; results/size_gate/label_counts.json,python3 scripts/inspect_saved.py
manual-size-gate,798 original user answers and selected task metadata,configs/size_gate_study.json; B0 ratio1.35 difference0.1m,"24 selected anchors; recorded labels, correlated identities",same_object/high excluded / all recorded high same labels,178/220,annotations/originals/labels-final-canonical.json; annotations/task_metadata.json; results/size_gate/label_counts.json,python3 scripts/inspect_saved.py
manual-size-gate,798 original user answers and selected task metadata,configs/size_gate_study.json; B0 ratio1.35 difference0.1m,"24 selected anchors; recorded labels, correlated identities",different_objects excluded / all recorded different labels,304/341,annotations/originals/labels-final-canonical.json; annotations/task_metadata.json; results/size_gate/label_counts.json,python3 scripts/inspect_saved.py
manual-size-gate,798 original user answers and selected task metadata,configs/size_gate_study.json; B0 ratio1.35 difference0.1m,"24 selected anchors; recorded labels, correlated identities",all answers by category,314 same / 341 different / 67 ambiguous / 76 cannot_tell,annotations/originals/labels-final-canonical.json; annotations/task_metadata.json; results/size_gate/label_counts.json,python3 scripts/inspect_saved.py
development-selection,"12 early windows, frozen maps and full labels","alpha grid 1,1.25,1.5,2;5 repeats; frozen selection rule","development only, temporally separated from held windows",selected alpha,2,results/size_gate/selection.json; results/size_gate/development.json,external workspace: bash scripts/run_size_gate_study.sh data/size_gate_study/labels.json data/new_size_gate_runs (historical runner)
late-full-history-alpha1.0,unchanged saved maps; filter runs from recording start,"configs/manager.json; alpha=1.0; wh=1+alpha*(1.35-1), difference=alpha*0.1m",12 late windows x29updates x5repeats; episode means,correct updates / all; <=1m AND <=5deg,1212/1740 = 69.65517241%,results/size_gate/full_history.json; results/size_gate/run_metrics.json.gz,python3 scripts/inspect_saved.py
late-full-history-alpha1.0,unchanged saved maps; filter runs from recording start,"configs/manager.json; alpha=1.0; wh=1+alpha*(1.35-1), difference=alpha*0.1m",12 late windows x29updates x5repeats; episode means,"mean accepted GT-valid translation, episode/repeat averaging, m",0.5103002362691246,results/size_gate/full_history.json; results/size_gate/run_metrics.json.gz,python3 scripts/inspect_saved.py
late-full-history-alpha1.0,unchanged saved maps; filter runs from recording start,"configs/manager.json; alpha=1.0; wh=1+alpha*(1.35-1), difference=alpha*0.1m",12 late windows x29updates x5repeats; episode means,"mean accepted GT-valid yaw, episode/repeat averaging, deg",3.0217415347465857,results/size_gate/full_history.json; results/size_gate/run_metrics.json.gz,python3 scripts/inspect_saved.py
late-full-history-alpha1.0,unchanged saved maps; filter runs from recording start,"configs/manager.json; alpha=1.0; wh=1+alpha*(1.35-1), difference=alpha*0.1m",12 late windows x29updates x5repeats; episode means,accepted / all,1.0,results/size_gate/full_history.json; results/size_gate/run_metrics.json.gz,python3 scripts/inspect_saved.py
late-full-history-alpha1.0,unchanged saved maps; filter runs from recording start,"configs/manager.json; alpha=1.0; wh=1+alpha*(1.35-1), difference=alpha*0.1m",12 late windows x29updates x5repeats; episode means,mean window update runtime s (perf_counter manager.update),0.829081865651339,results/size_gate/full_history.json; results/size_gate/run_metrics.json.gz,python3 scripts/inspect_saved.py
cold-start-alpha1.0,"same maps, original factory reset at window start","configs/manager.json; alpha=1.0; wh=1+alpha*(1.35-1), difference=alpha*0.1m","12 late windows x5repeats, dependent starts",wrong first accepted / all starts,4/60 = 6.66666667%,results/size_gate/cold_start.json; results/size_gate/run_metrics.json.gz,python3 scripts/inspect_saved.py
cold-start-alpha1.0,"same maps, original factory reset at window start","configs/manager.json; alpha=1.0; wh=1+alpha*(1.35-1), difference=alpha*0.1m","12 late windows x5repeats, dependent starts",no first / all starts,40/60,results/size_gate/cold_start.json; results/size_gate/run_metrics.json.gz,python3 scripts/inspect_saved.py
cold-start-alpha1.0,"same maps, original factory reset at window start","configs/manager.json; alpha=1.0; wh=1+alpha*(1.35-1), difference=alpha*0.1m","12 late windows x5repeats, dependent starts",correct solution by horizon / all starts,20/60,results/size_gate/cold_start.json; results/size_gate/run_metrics.json.gz,python3 scripts/inspect_saved.py
cold-start-alpha1.0,"same maps, original factory reset at window start","configs/manager.json; alpha=1.0; wh=1+alpha*(1.35-1), difference=alpha*0.1m","12 late windows x5repeats, dependent starts",mean capped time-to-correct s; no-success censored at window end,24.166643619537354,results/size_gate/cold_start.json; results/size_gate/run_metrics.json.gz,python3 scripts/inspect_saved.py
late-full-history-alpha2.0,unchanged saved maps; filter runs from recording start,"configs/manager.json; alpha=2.0; wh=1+alpha*(1.35-1), difference=alpha*0.1m",12 late windows x29updates x5repeats; episode means,correct updates / all; <=1m AND <=5deg,1249/1740 = 71.78160920%,results/size_gate/full_history.json; results/size_gate/run_metrics.json.gz,python3 scripts/inspect_saved.py
late-full-history-alpha2.0,unchanged saved maps; filter runs from recording start,"configs/manager.json; alpha=2.0; wh=1+alpha*(1.35-1), difference=alpha*0.1m",12 late windows x29updates x5repeats; episode means,"mean accepted GT-valid translation, episode/repeat averaging, m",0.5305175093281105,results/size_gate/full_history.json; results/size_gate/run_metrics.json.gz,python3 scripts/inspect_saved.py
late-full-history-alpha2.0,unchanged saved maps; filter runs from recording start,"configs/manager.json; alpha=2.0; wh=1+alpha*(1.35-1), difference=alpha*0.1m",12 late windows x29updates x5repeats; episode means,"mean accepted GT-valid yaw, episode/repeat averaging, deg",3.131909806705199,results/size_gate/full_history.json; results/size_gate/run_metrics.json.gz,python3 scripts/inspect_saved.py
late-full-history-alpha2.0,unchanged saved maps; filter runs from recording start,"configs/manager.json; alpha=2.0; wh=1+alpha*(1.35-1), difference=alpha*0.1m",12 late windows x29updates x5repeats; episode means,accepted / all,1.0,results/size_gate/full_history.json; results/size_gate/run_metrics.json.gz,python3 scripts/inspect_saved.py
late-full-history-alpha2.0,unchanged saved maps; filter runs from recording start,"configs/manager.json; alpha=2.0; wh=1+alpha*(1.35-1), difference=alpha*0.1m",12 late windows x29updates x5repeats; episode means,mean window update runtime s (perf_counter manager.update),3.924954470232477,results/size_gate/full_history.json; results/size_gate/run_metrics.json.gz,python3 scripts/inspect_saved.py
cold-start-alpha2.0,"same maps, original factory reset at window start","configs/manager.json; alpha=2.0; wh=1+alpha*(1.35-1), difference=alpha*0.1m","12 late windows x5repeats, dependent starts",wrong first accepted / all starts,10/60 = 16.66666667%,results/size_gate/cold_start.json; results/size_gate/run_metrics.json.gz,python3 scripts/inspect_saved.py
cold-start-alpha2.0,"same maps, original factory reset at window start","configs/manager.json; alpha=2.0; wh=1+alpha*(1.35-1), difference=alpha*0.1m","12 late windows x5repeats, dependent starts",no first / all starts,25/60,results/size_gate/cold_start.json; results/size_gate/run_metrics.json.gz,python3 scripts/inspect_saved.py
cold-start-alpha2.0,"same maps, original factory reset at window start","configs/manager.json; alpha=2.0; wh=1+alpha*(1.35-1), difference=alpha*0.1m","12 late windows x5repeats, dependent starts",correct solution by horizon / all starts,30/60,results/size_gate/cold_start.json; results/size_gate/run_metrics.json.gz,python3 scripts/inspect_saved.py
cold-start-alpha2.0,"same maps, original factory reset at window start","configs/manager.json; alpha=2.0; wh=1+alpha*(1.35-1), difference=alpha*0.1m","12 late windows x5repeats, dependent starts",mean capped time-to-correct s; no-success censored at window end,21.566646099090576,results/size_gate/cold_start.json; results/size_gate/run_metrics.json.gz,python3 scripts/inspect_saved.py
runtime-ratio,saved measured update times,"same CPU, thread count1; same aggregation",late full-history windows,mean alpha2 runtime / mean B0 runtime,4.7340975998178125,results/size_gate/full_history.json,python3 scripts/inspect_saved.py
ideal-occlusion-0.3,own ideal cuboid mask and depth; fixed camera/object,cube .4m;K fx=fy600;distance3m;left silhouette extent masked,"single model case, part of80 dependent cases",reference width m / masked width m / centroid shift m / B0 admitted / alpha2 admitted,"[0.39200000000000007, 0.2706666666666667, 0.060666666666666674, false, true]",results/occlusion/cases.json,.venv/bin/python scripts/reproduce_model.py
ideal-occlusion-0.6,own ideal cuboid mask and depth; fixed camera/object,cube .4m;K fx=fy600;distance3m;left silhouette extent masked,"single model case, part of80 dependent cases",reference width m / masked width m / centroid shift m / B0 admitted / alpha2 admitted,"[0.39200000000000007, 0.15400000000000003, 0.11900000000000002, false, false]",results/occlusion/cases.json,.venv/bin/python scripts/reproduce_model.py
ideal-occlusion-grid,own ideal masks and noiseless depths,2 shapes x2 angles x2 screens x10fractions,"80 dependent cases,8zero controls",case / control count,80 / 8,results/occlusion/summary.json; results/model_checks.json,.venv/bin/python scripts/reproduce_model.py
history-B0-B3,saved historical replay summary,"historical B0/B3_delta1 rules, not release baseline","12 directed pairs, one prior recording/protocol",wrong first count B0 and B3,3/12 and 3/12,results/history/decision_rules_summary.txt,saved-table reading only; historical scripts remain in original project
history-MNO-budget,"historical first60-step prefixes,6canonical pairs",configs/historical_h7.json;seeded helper;MNO4 vs16,"historical protocol, not primary stochastic release ablation",correct / wrong / no first,4/1/1 -> 2/3/1,results/history/h7_summary.json,saved-summary reading only; historical rerun retained in original project
